{"cameraMode":{"drawMode":0,"name":"Shaded","section":"Shading Mode"},"sceneLighting":false,"audioPlay":false,"sceneViewState":{"showFog":true,"showMaterialUpdate":false,"showSkybox":true,"showFlares":true,"showImageEffects":true,"showParticleSystems":true},"in2DMode":false,"pivot":{"x":-29.940000534057618,"y":15.0,"z":-10.149999618530274},"rotation":{"x":-0.043786462396383288,"y":0.020076608285307885,"z":-0.0008798243943601847,"w":-0.9988420605659485},"size":441.955322265625,"orthographic":false}