{"cameraMode":{"drawMode":0,"name":"Shaded","section":"Shading Mode"},"sceneLighting":false,"audioPlay":false,"sceneViewState":{"showFog":true,"showMaterialUpdate":false,"showSkybox":false,"showFlares":true,"showImageEffects":true,"showParticleSystems":true},"in2DMode":false,"pivot":{"x":-3.031362771987915,"y":0.905203104019165,"z":-4.349999904632568},"rotation":{"x":0.5132091641426086,"y":-0.119129978120327,"z":0.07218330353498459,"w":0.8468968868255615},"size":9.6647310256958,"orthographic":false}