{"cameraMode":{"drawMode":0,"name":"Shaded","section":"Shading Mode"},"sceneLighting":false,"audioPlay":false,"sceneViewState":{"showFog":true,"showMaterialUpdate":false,"showSkybox":false,"showFlares":true,"showImageEffects":true,"showParticleSystems":true},"in2DMode":false,"pivot":{"x":-11.238140106201172,"y":0.6000000238418579,"z":26.200000762939454},"rotation":{"x":0.3852427303791046,"y":0.5718653202056885,"z":-0.3467879295349121,"w":0.6361089944839478},"size":20.314388275146486,"orthographic":false}