{"cameraMode":{"drawMode":0,"name":"Shaded","section":"Shading Mode"},"sceneLighting":false,"audioPlay":false,"sceneViewState":{"showFog":true,"showMaterialUpdate":false,"showSkybox":true,"showFlares":true,"showImageEffects":true,"showParticleSystems":true},"in2DMode":false,"pivot":{"x":-27.993011474609376,"y":12.542545318603516,"z":-53.285247802734378},"rotation":{"x":0.316762238740921,"y":0.2745872735977173,"z":-0.09558262676000595,"w":0.9029697179794312},"size":54.97394561767578,"orthographic":false}