{"cameraMode":{"drawMode":0,"name":"Shaded","section":"Shading Mode"},"sceneLighting":false,"audioPlay":false,"sceneViewState":{"showFog":true,"showMaterialUpdate":false,"showSkybox":false,"showFlares":true,"showImageEffects":true,"showParticleSystems":true},"in2DMode":false,"pivot":{"x":5.100000858306885,"y":1.1000001430511475,"z":-3.200000286102295},"rotation":{"x":0.46540942788124087,"y":0.04802246764302254,"z":-0.025606010109186174,"w":0.8836129903793335},"size":17.217214584350587,"orthographic":false}