{"cameraMode":{"drawMode":0,"name":"Shaded","section":"Shading Mode"},"sceneLighting":false,"audioPlay":false,"sceneViewState":{"showFog":true,"showMaterialUpdate":false,"showSkybox":false,"showFlares":true,"showImageEffects":true,"showParticleSystems":true},"in2DMode":false,"pivot":{"x":16.6618595123291,"y":1.5000858306884766,"z":-25.36617660522461},"rotation":{"x":0.0376218743622303,"y":0.9261457920074463,"z":-0.3632819354534149,"w":0.09606002271175385},"size":32.64106750488281,"orthographic":false}