{"cameraMode":{"drawMode":0,"name":"Shaded","section":"Shading Mode"},"sceneLighting":false,"audioPlay":false,"sceneViewState":{"showFog":true,"showMaterialUpdate":false,"showSkybox":false,"showFlares":true,"showImageEffects":true,"showParticleSystems":true},"in2DMode":false,"pivot":{"x":-6.324999809265137,"y":4.528728485107422,"z":-30.492244720458986},"rotation":{"x":0.32300451397895815,"y":-0.07764542102813721,"z":0.026583313941955568,"w":0.9430015683174133},"size":69.87786102294922,"orthographic":false}