{"cameraMode":{"drawMode":0,"name":"Shaded","section":"Shading Mode"},"sceneLighting":false,"audioPlay":false,"sceneViewState":{"showFog":true,"showMaterialUpdate":false,"showSkybox":false,"showFlares":true,"showImageEffects":true,"showParticleSystems":true},"in2DMode":false,"pivot":{"x":9.053886413574219,"y":-8.198078155517579,"z":9.33441162109375},"rotation":{"x":0.23180228471755982,"y":0.5283044576644898,"z":-0.15295909345149995,"w":0.8024394512176514},"size":183.31802368164063,"orthographic":false}