{"cameraMode":{"drawMode":0,"name":"Shaded","section":"Shading Mode"},"sceneLighting":false,"audioPlay":false,"sceneViewState":{"showFog":true,"showMaterialUpdate":false,"showSkybox":false,"showFlares":true,"showImageEffects":true,"showParticleSystems":true},"in2DMode":false,"pivot":{"x":-76.3906478881836,"y":4.517960071563721,"z":-122.15280151367188},"rotation":{"x":0.39060381054878237,"y":0.38939082622528078,"z":-0.18706904351711274,"w":0.8129535913467407},"size":370.1869812011719,"orthographic":false}