{"cameraMode":{"drawMode":0,"name":"Shaded","section":"Shading Mode"},"sceneLighting":false,"audioPlay":false,"sceneViewState":{"showFog":true,"showMaterialUpdate":false,"showSkybox":false,"showFlares":true,"showImageEffects":true,"showParticleSystems":true},"in2DMode":false,"pivot":{"x":29.232133865356447,"y":-2.4095916748046877,"z":-6.831329822540283},"rotation":{"x":0.5909485816955566,"y":-0.09025375545024872,"z":0.06676361709833145,"w":0.7988662123680115},"size":15.800667762756348,"orthographic":false}