{"cameraMode":{"drawMode":0,"name":"Shaded","section":"Shading Mode"},"sceneLighting":false,"audioPlay":false,"sceneViewState":{"showFog":true,"showMaterialUpdate":false,"showSkybox":false,"showFlares":true,"showImageEffects":true,"showParticleSystems":true},"in2DMode":false,"pivot":{"x":57.38323974609375,"y":33.93949890136719,"z":-36.627662658691409},"rotation":{"x":-0.21853958070278169,"y":-0.776202380657196,"z":0.3628959655761719,"w":-0.46715062856674197},"size":9.35963249206543,"orthographic":false}