{"cameraMode":{"drawMode":0,"name":"Shaded","section":"Shading Mode"},"sceneLighting":false,"audioPlay":false,"sceneViewState":{"showFog":true,"showMaterialUpdate":false,"showSkybox":false,"showFlares":true,"showImageEffects":true,"showParticleSystems":true},"in2DMode":false,"pivot":{"x":-33.69611358642578,"y":9.627382278442383,"z":-47.66558837890625},"rotation":{"x":0.4037224054336548,"y":0.3506620228290558,"z":-0.17109742760658265,"w":0.8275287747383118},"size":242.53338623046876,"orthographic":false}